email,password
perfuser001@eshop.com,Perf12345!
perfuser002@eshop.com,Perf12345!
perfuser003@eshop.com,Perf12345!
perfuser004@eshop.com,Perf12345!
perfuser005@eshop.com,Perf12345!
perfuser006@eshop.com,Perf12345!
perfuser007@eshop.com,Perf12345!
perfuser008@eshop.com,Perf12345!
perfuser009@eshop.com,Perf12345!
perfuser010@eshop.com,Perf12345!
perfuser011@eshop.com,Perf12345!
perfuser012@eshop.com,Perf12345!
perfuser013@eshop.com,Perf12345!
perfuser014@eshop.com,Perf12345!
perfuser015@eshop.com,Perf12345!
perfuser016@eshop.com,Perf12345!
perfuser017@eshop.com,Perf12345!
perfuser018@eshop.com,Perf12345!
perfuser019@eshop.com,Perf12345!
perfuser020@eshop.com,Perf12345!
perfuser021@eshop.com,Perf12345!
perfuser022@eshop.com,Perf12345!
perfuser023@eshop.com,Perf12345!
perfuser024@eshop.com,Perf12345!
perfuser025@eshop.com,Perf12345!
perfuser026@eshop.com,Perf12345!
perfuser027@eshop.com,Perf12345!
perfuser028@eshop.com,Perf12345!
perfuser029@eshop.com,Perf12345!
perfuser030@eshop.com,Perf12345!
perfuser031@eshop.com,Perf12345!
perfuser032@eshop.com,Perf12345!
perfuser033@eshop.com,Perf12345!
perfuser034@eshop.com,Perf12345!
perfuser035@eshop.com,Perf12345!
perfuser036@eshop.com,Perf12345!
perfuser037@eshop.com,Perf12345!
perfuser038@eshop.com,Perf12345!
perfuser039@eshop.com,Perf12345!
perfuser040@eshop.com,Perf12345!
perfuser041@eshop.com,Perf12345!
perfuser042@eshop.com,Perf12345!
perfuser043@eshop.com,Perf12345!
perfuser044@eshop.com,Perf12345!
perfuser045@eshop.com,Perf12345!
perfuser046@eshop.com,Perf12345!
perfuser047@eshop.com,Perf12345!
perfuser048@eshop.com,Perf12345!
perfuser049@eshop.com,Perf12345!
perfuser050@eshop.com,Perf12345!
perfuser051@eshop.com,Perf12345!
perfuser052@eshop.com,Perf12345!
perfuser053@eshop.com,Perf12345!
perfuser054@eshop.com,Perf12345!
perfuser055@eshop.com,Perf12345!
perfuser056@eshop.com,Perf12345!
perfuser057@eshop.com,Perf12345!
perfuser058@eshop.com,Perf12345!
perfuser059@eshop.com,Perf12345!
perfuser060@eshop.com,Perf12345!
perfuser061@eshop.com,Perf12345!
perfuser062@eshop.com,Perf12345!
perfuser063@eshop.com,Perf12345!
perfuser064@eshop.com,Perf12345!
perfuser065@eshop.com,Perf12345!
perfuser066@eshop.com,Perf12345!
perfuser067@eshop.com,Perf12345!
perfuser068@eshop.com,Perf12345!
perfuser069@eshop.com,Perf12345!
perfuser070@eshop.com,Perf12345!
perfuser071@eshop.com,Perf12345!
perfuser072@eshop.com,Perf12345!
perfuser073@eshop.com,Perf12345!
perfuser074@eshop.com,Perf12345!
perfuser075@eshop.com,Perf12345!
perfuser076@eshop.com,Perf12345!
perfuser077@eshop.com,Perf12345!
perfuser078@eshop.com,Perf12345!
perfuser079@eshop.com,Perf12345!
perfuser080@eshop.com,Perf12345!
perfuser081@eshop.com,Perf12345!
perfuser082@eshop.com,Perf12345!
perfuser083@eshop.com,Perf12345!
perfuser084@eshop.com,Perf12345!
perfuser085@eshop.com,Perf12345!
perfuser086@eshop.com,Perf12345!
perfuser087@eshop.com,Perf12345!
perfuser088@eshop.com,Perf12345!
perfuser089@eshop.com,Perf12345!
perfuser090@eshop.com,Perf12345!
perfuser091@eshop.com,Perf12345!
perfuser092@eshop.com,Perf12345!
perfuser093@eshop.com,Perf12345!
perfuser094@eshop.com,Perf12345!
perfuser095@eshop.com,Perf12345!
perfuser096@eshop.com,Perf12345!
perfuser097@eshop.com,Perf12345!
perfuser098@eshop.com,Perf12345!
perfuser099@eshop.com,Perf12345!
perfuser100@eshop.com,Perf12345!
perfuser101@eshop.com,Perf12345!
perfuser102@eshop.com,Perf12345!
perfuser103@eshop.com,Perf12345!
perfuser104@eshop.com,Perf12345!
perfuser105@eshop.com,Perf12345!
perfuser106@eshop.com,Perf12345!
perfuser107@eshop.com,Perf12345!
perfuser108@eshop.com,Perf12345!
perfuser109@eshop.com,Perf12345!
perfuser110@eshop.com,Perf12345!
perfuser111@eshop.com,Perf12345!
perfuser112@eshop.com,Perf12345!
perfuser113@eshop.com,Perf12345!
perfuser114@eshop.com,Perf12345!
perfuser115@eshop.com,Perf12345!
perfuser116@eshop.com,Perf12345!
perfuser117@eshop.com,Perf12345!
perfuser118@eshop.com,Perf12345!
perfuser119@eshop.com,Perf12345!
perfuser120@eshop.com,Perf12345!
perfuser121@eshop.com,Perf12345!
perfuser122@eshop.com,Perf12345!
perfuser123@eshop.com,Perf12345!
perfuser124@eshop.com,Perf12345!
perfuser125@eshop.com,Perf12345!
perfuser126@eshop.com,Perf12345!
perfuser127@eshop.com,Perf12345!
perfuser128@eshop.com,Perf12345!
perfuser129@eshop.com,Perf12345!
perfuser130@eshop.com,Perf12345!
perfuser131@eshop.com,Perf12345!
perfuser132@eshop.com,Perf12345!
perfuser133@eshop.com,Perf12345!
perfuser134@eshop.com,Perf12345!
perfuser135@eshop.com,Perf12345!
perfuser136@eshop.com,Perf12345!
perfuser137@eshop.com,Perf12345!
perfuser138@eshop.com,Perf12345!
perfuser139@eshop.com,Perf12345!
perfuser140@eshop.com,Perf12345!
perfuser141@eshop.com,Perf12345!
perfuser142@eshop.com,Perf12345!
perfuser143@eshop.com,Perf12345!
perfuser144@eshop.com,Perf12345!
perfuser145@eshop.com,Perf12345!
perfuser146@eshop.com,Perf12345!
perfuser147@eshop.com,Perf12345!
perfuser148@eshop.com,Perf12345!
perfuser149@eshop.com,Perf12345!
perfuser150@eshop.com,Perf12345!
perfuser151@eshop.com,Perf12345!
perfuser152@eshop.com,Perf12345!
perfuser153@eshop.com,Perf12345!
perfuser154@eshop.com,Perf12345!
perfuser155@eshop.com,Perf12345!
perfuser156@eshop.com,Perf12345!
perfuser157@eshop.com,Perf12345!
perfuser158@eshop.com,Perf12345!
perfuser159@eshop.com,Perf12345!
perfuser160@eshop.com,Perf12345!
perfuser161@eshop.com,Perf12345!
perfuser162@eshop.com,Perf12345!
perfuser163@eshop.com,Perf12345!
perfuser164@eshop.com,Perf12345!
perfuser165@eshop.com,Perf12345!
perfuser166@eshop.com,Perf12345!
perfuser167@eshop.com,Perf12345!
perfuser168@eshop.com,Perf12345!
perfuser169@eshop.com,Perf12345!
perfuser170@eshop.com,Perf12345!
perfuser171@eshop.com,Perf12345!
perfuser172@eshop.com,Perf12345!
perfuser173@eshop.com,Perf12345!
perfuser174@eshop.com,Perf12345!
perfuser175@eshop.com,Perf12345!
perfuser176@eshop.com,Perf12345!
perfuser177@eshop.com,Perf12345!
perfuser178@eshop.com,Perf12345!
perfuser179@eshop.com,Perf12345!
perfuser180@eshop.com,Perf12345!
perfuser181@eshop.com,Perf12345!
perfuser182@eshop.com,Perf12345!
perfuser183@eshop.com,Perf12345!
perfuser184@eshop.com,Perf12345!
perfuser185@eshop.com,Perf12345!
perfuser186@eshop.com,Perf12345!
perfuser187@eshop.com,Perf12345!
perfuser188@eshop.com,Perf12345!
perfuser189@eshop.com,Perf12345!
perfuser190@eshop.com,Perf12345!
perfuser191@eshop.com,Perf12345!
perfuser192@eshop.com,Perf12345!
perfuser193@eshop.com,Perf12345!
perfuser194@eshop.com,Perf12345!
perfuser195@eshop.com,Perf12345!
perfuser196@eshop.com,Perf12345!
perfuser197@eshop.com,Perf12345!
perfuser198@eshop.com,Perf12345!
perfuser199@eshop.com,Perf12345!
perfuser200@eshop.com,Perf12345!
perfuser201@eshop.com,Perf12345!
perfuser202@eshop.com,Perf12345!
perfuser203@eshop.com,Perf12345!
perfuser204@eshop.com,Perf12345!
perfuser205@eshop.com,Perf12345!
perfuser206@eshop.com,Perf12345!
perfuser207@eshop.com,Perf12345!
perfuser208@eshop.com,Perf12345!
perfuser209@eshop.com,Perf12345!
perfuser210@eshop.com,Perf12345!
perfuser211@eshop.com,Perf12345!
perfuser212@eshop.com,Perf12345!
perfuser213@eshop.com,Perf12345!
perfuser214@eshop.com,Perf12345!
perfuser215@eshop.com,Perf12345!
perfuser216@eshop.com,Perf12345!
perfuser217@eshop.com,Perf12345!
perfuser218@eshop.com,Perf12345!
perfuser219@eshop.com,Perf12345!
perfuser220@eshop.com,Perf12345!
perfuser221@eshop.com,Perf12345!
perfuser222@eshop.com,Perf12345!
perfuser223@eshop.com,Perf12345!
perfuser224@eshop.com,Perf12345!
perfuser225@eshop.com,Perf12345!
perfuser226@eshop.com,Perf12345!
perfuser227@eshop.com,Perf12345!
perfuser228@eshop.com,Perf12345!
perfuser229@eshop.com,Perf12345!
perfuser230@eshop.com,Perf12345!
perfuser231@eshop.com,Perf12345!
perfuser232@eshop.com,Perf12345!
perfuser233@eshop.com,Perf12345!
perfuser234@eshop.com,Perf12345!
perfuser235@eshop.com,Perf12345!
perfuser236@eshop.com,Perf12345!
perfuser237@eshop.com,Perf12345!
perfuser238@eshop.com,Perf12345!
perfuser239@eshop.com,Perf12345!
perfuser240@eshop.com,Perf12345!
perfuser241@eshop.com,Perf12345!
perfuser242@eshop.com,Perf12345!
perfuser243@eshop.com,Perf12345!
perfuser244@eshop.com,Perf12345!
perfuser245@eshop.com,Perf12345!
perfuser246@eshop.com,Perf12345!
perfuser247@eshop.com,Perf12345!
perfuser248@eshop.com,Perf12345!
perfuser249@eshop.com,Perf12345!
perfuser250@eshop.com,Perf12345!
perfuser251@eshop.com,Perf12345!
perfuser252@eshop.com,Perf12345!
perfuser253@eshop.com,Perf12345!
perfuser254@eshop.com,Perf12345!
perfuser255@eshop.com,Perf12345!
perfuser256@eshop.com,Perf12345!
perfuser257@eshop.com,Perf12345!
perfuser258@eshop.com,Perf12345!
perfuser259@eshop.com,Perf12345!
perfuser260@eshop.com,Perf12345!
perfuser261@eshop.com,Perf12345!
perfuser262@eshop.com,Perf12345!
perfuser263@eshop.com,Perf12345!
perfuser264@eshop.com,Perf12345!
perfuser265@eshop.com,Perf12345!
perfuser266@eshop.com,Perf12345!
perfuser267@eshop.com,Perf12345!
perfuser268@eshop.com,Perf12345!
perfuser269@eshop.com,Perf12345!
perfuser270@eshop.com,Perf12345!
perfuser271@eshop.com,Perf12345!
perfuser272@eshop.com,Perf12345!
perfuser273@eshop.com,Perf12345!
perfuser274@eshop.com,Perf12345!
perfuser275@eshop.com,Perf12345!
perfuser276@eshop.com,Perf12345!
perfuser277@eshop.com,Perf12345!
perfuser278@eshop.com,Perf12345!
perfuser279@eshop.com,Perf12345!
perfuser280@eshop.com,Perf12345!
perfuser281@eshop.com,Perf12345!
perfuser282@eshop.com,Perf12345!
perfuser283@eshop.com,Perf12345!
perfuser284@eshop.com,Perf12345!
perfuser285@eshop.com,Perf12345!
perfuser286@eshop.com,Perf12345!
perfuser287@eshop.com,Perf12345!
perfuser288@eshop.com,Perf12345!
perfuser289@eshop.com,Perf12345!
perfuser290@eshop.com,Perf12345!
perfuser291@eshop.com,Perf12345!
perfuser292@eshop.com,Perf12345!
perfuser293@eshop.com,Perf12345!
perfuser294@eshop.com,Perf12345!
perfuser295@eshop.com,Perf12345!
perfuser296@eshop.com,Perf12345!
perfuser297@eshop.com,Perf12345!
perfuser298@eshop.com,Perf12345!
perfuser299@eshop.com,Perf12345!
perfuser300@eshop.com,Perf12345!
