epoch_ms,rss_kb
1786573076000,53
1786573082000,41
1786573088000,66
1786573095000,86
1786573100000,87
1786573106000,91
1786573111000,90
1786573118000,91
1786573123000,101
1786573129000,91
1786573135000,92
1786573141000,92
1786573147000,93
1786573153000,96
1786573159000,95
1786573164000,95
1786573170000,99
1786573176000,93
1786573181000,96
1786573187000,97
1786573193000,96
1786573198000,97
1786573204000,97
1786573210000,101
1786573216000,94
1786573222000,95
1786573227000,96
1786573233000,99
1786573239000,99
1786573244000,112
1786573250000,116
1786573256000,99
1786573261000,96
1786573267000,98
1786573273000,97
1786573278000,98
1786573284000,102
1786573290000,99
1786573295000,99
1786573301000,109
1786573306000,113
1786573312000,106
1786573317000,102
1786573323000,99
1786573329000,99
1786573334000,102
1786573340000,97
1786573345000,96
1786573351000,98
1786573356000,98
1786573362000,97
1786573367000,99
1786573373000,96
1786573378000,97
1786573384000,100
1786573390000,105
1786573395000,98
1786573401000,100
1786573406000,100
1786573412000,105
1786573417000,102
1786573423000,104
1786573428000,103
1786573434000,111
1786573440000,97
1786573445000,97
1786573451000,98
1786573456000,100
1786573462000,101
1786573467000,99
1786573473000,100
1786573479000,100
1786573484000,98
1786573490000,98
1786573495000,99
1786573501000,100
1786573507000,99
1786573512000,100
1786573517000,97
1786573523000,101
1786573528000,98
1786573534000,100
1786573539000,99
1786573545000,104
1786573550000,105
1786573556000,99
1786573561000,102
1786573567000,100
1786573572000,100
1786573578000,101
1786573584000,102
1786573589000,101
1786573595000,100
1786573600000,102
1786573606000,102
1786573611000,104
1786573617000,101
1786573623000,103
1786573628000,102
1786573634000,111
1786573639000,107
1786573645000,104
1786573650000,101
1786573656000,102
1786573661000,103
1786573667000,106
1786573673000,102
1786573678000,108
1786573684000,109
1786573689000,114
1786573695000,108
1786573701000,102
1786573706000,104
1786573712000,106
1786573717000,104
1786573723000,105
1786573728000,108
1786573734000,104
1786573739000,104
1786573745000,110
1786573750000,107
1786573756000,110
1786573761000,111
1786573767000,117
1786573772000,110
1786573778000,107
1786573783000,112
1786573789000,114
1786573795000,112
1786573800000,108
1786573806000,107
1786573811000,107
